Data Number,Motor 1 Position,Motor 2 Position,Motor 3 Position,Motor 4 Position,Frequency (MHz),Real Impedance (Ohms),Imaginary Impedance (Ohms),Color
,-1,0,0,11,18.5,40.584206065800196,1.5161955995499885,#e74c3c
,9,0,0,11,18.5,38.74301256134734,7.095357097816283,#e74c3c
,19,0,0,11,18.5,37.18272175968999,12.873238125610422,#e74c3c
,29,0,0,11,18.5,35.925384205714025,18.242334672438144,#e74c3c
,39,0,0,11,18.5,35.05350319462823,23.50952318882785,#e74c3c
,49,0,0,11,18.5,34.44942107236357,28.412975020794132,#e74c3c
,59,0,0,11,18.5,33.98256927329411,33.10957613588963,#e74c3c
,69,0,0,11,18.5,33.763416636186136,37.73389451578921,#e74c3c
,79,0,0,11,18.5,33.7958851677156,42.18063596070661,#e74c3c
,89,0,0,11,18.5,33.84894789503605,46.490261604222034,#e74c3c
,98,0,0,11,18.5,34.09270287156716,50.43512653790946,#e74c3c
,109,0,0,11,18.5,34.32560330496463,54.31305048625076,#e74c3c
,119,0,0,11,18.5,34.79405161953767,58.04970777885012,#e74c3c
,129,0,0,11,18.5,35.71577252354839,61.43936790067139,#e74c3c
,138,0,0,11,18.5,36.40774397821789,64.83953743014668,#e74c3c
,148,0,0,11,18.5,37.32669759137404,68.11851450613747,#e74c3c
,158,0,0,11,18.5,37.89603911089121,71.11372669902316,#e74c3c
,168,0,0,11,18.5,38.72749514561447,73.87363521797568,#e74c3c
,178,0,0,11,18.5,39.2224721519232,75.81574021328449,#e74c3c
,188,0,0,11,18.5,38.50518013390112,73.04787393769632,#e74c3c
,198,0,0,11,18.5,37.27279388975608,69.93661846070876,#e74c3c
,-1,0,0,21,18.5,41.81767121311824,11.411740381134699,#3498db
,9,0,0,21,18.5,39.908647967727056,17.099450144532046,#3498db
,19,0,0,21,18.5,38.46384247355188,23.06566295822903,#3498db
,29,0,0,21,18.5,37.27372386749329,28.45895487642778,#3498db
,39,0,0,21,18.5,36.482083702543015,33.76350058871157,#3498db
,49,0,0,21,18.5,35.710411938276124,38.742785191834145,#3498db
,59,0,0,21,18.5,35.31609793266935,43.3907076886873,#3498db
,69,0,0,21,18.5,35.22177221048877,48.218410959379675,#3498db
,79,0,0,21,18.5,35.26218104673103,52.69486469297326,#3498db
,89,0,0,21,18.5,35.34851267894709,57.128872713495554,#3498db
,98,0,0,21,18.5,35.74301447572148,61.26619978909777,#3498db
,109,0,0,21,18.5,36.131055673794236,65.23866042979532,#3498db
,119,0,0,21,18.5,36.98310752947659,68.86532191830162,#3498db
,129,0,0,21,18.5,37.533630071798164,72.59474546631319,#3498db
,138,0,0,21,18.5,38.019522900593536,76.01549839304248,#3498db
,148,0,0,21,18.5,39.00026764195689,79.25923618758338,#3498db
,158,0,0,21,18.5,39.69341893617946,82.34294303333355,#3498db
,168,0,0,21,18.5,40.623632314994346,85.12020502557411,#3498db
,178,0,0,21,18.5,41.2067968219467,87.26093094171843,#3498db
,188,0,0,21,18.5,40.757417175613604,84.27452769977512,#3498db
,198,0,0,21,18.5,39.17927971507822,81.35282869654215,#3498db
,0,0,0,31,18.5,42.97414572023243,22.785556651725408,#f39c12
,9,0,0,31,18.5,41.0812964533712,28.683786302603384,#f39c12
,20,0,0,31,18.5,39.6634210925642,34.69595982726782,#f39c12
,30,0,0,31,18.5,38.64041625058373,40.181330889629024,#f39c12
,39,0,0,31,18.5,37.79607586821421,45.4992073748813,#f39c12
,49,0,0,31,18.5,37.34587931672202,50.822586689332795,#f39c12
,59,0,0,31,18.5,36.99460099871893,55.54773976455866,#f39c12
,69,0,0,31,18.5,36.964577980591116,60.44325562893872,#f39c12
,79,0,0,31,18.5,37.091733739467095,64.8193366732643,#f39c12
,89,0,0,31,18.5,37.25639344683486,69.43604105224077,#f39c12
,99,0,0,31,18.5,37.693336087448294,73.43490587520908,#f39c12
,109,0,0,31,18.5,38.312817579553666,77.73657182827137,#f39c12
,119,0,0,31,18.5,38.83614716628391,81.5525370493898,#f39c12
,129,0,0,31,18.5,39.63844882761799,84.81701067571996,#f39c12
,139,0,0,31,18.5,40.37566317684815,88.19909986523757,#f39c12
,149,0,0,31,18.5,41.20021572189678,91.76020406514249,#f39c12
,159,0,0,31,18.5,42.2018921536905,94.7017522297596,#f39c12
,169,0,0,31,18.5,42.96223148740105,97.33733921501691,#f39c12
,179,0,0,31,18.5,43.7406677038473,99.2942077034587,#f39c12
,189,0,0,31,18.5,41.981755081899145,96.59229234011096,#f39c12
,199,0,0,31,18.5,41.00664458763588,93.25422809498673,#f39c12
,1,0,0,41,18.5,44.167454973339105,34.76812281640132,#1abc9c
,11,0,0,41,18.5,42.472175207216814,40.489877912310796,#1abc9c
,21,0,0,41,18.5,41.144712453618205,46.58650592305249,#1abc9c
,31,0,0,41,18.5,40.16885576230605,52.246739032466316,#1abc9c
,41,0,0,41,18.5,39.48620467337263,57.54571539713589,#1abc9c
,51,0,0,41,18.5,39.087180044959986,62.9012591642837,#1abc9c
,61,0,0,41,18.5,38.83149996659954,67.74607854309696,#1abc9c
,71,0,0,41,18.5,38.8983701383935,72.73111910508553,#1abc9c
,81,0,0,41,18.5,38.95840218830829,77.3916370928531,#1abc9c
,91,0,0,41,18.5,39.41263078778783,81.67890262564856,#1abc9c
,100,0,0,41,18.5,39.78631857672068,86.10673382874512,#1abc9c
,110,0,0,41,18.5,40.50491841682485,90.10610647920393,#1abc9c
,121,0,0,41,18.5,41.11456642010298,93.6813053253447,#1abc9c
,131,0,0,41,18.5,41.97589688830083,97.79962469923152,#1abc9c
,140,0,0,41,18.5,42.67182148255546,101.02767998779542,#1abc9c
,150,0,0,41,18.5,43.79114060463247,104.47851970082161,#1abc9c
,160,0,0,41,18.5,44.432796197152605,107.6687728073106,#1abc9c
,170,0,0,41,18.5,45.76110380942104,110.75531170909598,#1abc9c
,180,0,0,41,18.5,45.785389134606845,111.7180696000855,#1abc9c
,190,0,0,41,18.5,44.74576093152559,108.39131541296618,#1abc9c
,200,0,0,41,18.5,43.679167137390834,105.04203172991299,#1abc9c
,0,0,0,51,18.5,46.00897192580783,44.84179748966825,#f1c40f
,10,0,0,51,18.5,44.30588943385098,50.94150039956522,#f1c40f
,20,0,0,51,18.5,42.71513063226743,57.266360910171656,#f1c40f
,30,0,0,51,18.5,42.075200015115804,62.986380112103966,#f1c40f
,40,0,0,51,18.5,41.30815856586627,68.90191532774357,#f1c40f
,50,0,0,51,18.5,41.056097588837744,74.11843602989484,#f1c40f
,60,0,0,51,18.5,40.7456990895187,79.21913966782354,#f1c40f
,70,0,0,51,18.5,40.908560030957105,84.01729970015948,#f1c40f
,80,0,0,51,18.5,40.92905322171051,88.8943184010429,#f1c40f
,90,0,0,51,18.5,41.3449146067988,93.63877737599118,#f1c40f
,100,0,0,51,18.5,41.638765056244964,97.56300147316237,#f1c40f
,110,0,0,51,18.5,42.90938538906143,102.04624702313039,#f1c40f
,120,0,0,51,18.5,43.186949992805395,105.64811281667549,#f1c40f
,130,0,0,51,18.5,43.645827027673796,109.52576452832203,#f1c40f
,140,0,0,51,18.5,45.0803330521788,113.42236095776298,#f1c40f
,149,0,0,51,18.5,46.02091650755174,116.4091138138823,#f1c40f
,159,0,0,51,18.5,47.65044623370303,120.18759561523265,#f1c40f
,170,0,0,51,18.5,48.258870569488764,122.89781383806726,#f1c40f
,180,0,0,51,18.5,49.32043070857351,123.8687305196504,#f1c40f
,189,0,0,51,18.5,47.537350244156286,120.61159663932932,#f1c40f
,-1,0,0,61,18.5,48.038854419323066,54.72514964923838,#2ecc71
,9,0,0,61,18.5,46.27650176299664,61.87106542958155,#2ecc71
,20,0,0,61,18.5,44.97717186614112,68.12303631512373,#2ecc71
,30,0,0,61,18.5,44.02647059120958,74.09827440525416,#2ecc71
,39,0,0,61,18.5,43.3080825015017,79.50459554555019,#2ecc71
,49,0,0,61,18.5,42.86989868946572,84.9278007769278,#2ecc71
,59,0,0,61,18.5,43.07936990462541,90.32541483239824,#2ecc71
,69,0,0,61,18.5,42.99144856553771,95.47245110482736,#2ecc71
,79,0,0,61,18.5,43.41480747345726,100.03983048956565,#2ecc71
,89,0,0,61,18.5,44.00039893631143,105.1924124497339,#2ecc71
,99,0,0,61,18.5,44.606034347796864,109.39731804723635,#2ecc71
,109,0,0,61,18.5,44.817385527539635,113.34914104288751,#2ecc71
,119,0,0,61,18.5,46.302593316207194,117.32511440403948,#2ecc71
,129,0,0,61,18.5,46.84210662118253,121.20265943639934,#2ecc71
,139,0,0,61,18.5,47.84075009798161,125.1998426673677,#2ecc71
,149,0,0,61,18.5,48.787959912284606,128.52911085788816,#2ecc71
,159,0,0,61,18.5,50.35033296153323,132.2349183912494,#2ecc71
,169,0,0,61,18.5,50.32776951950489,134.64896980471656,#2ecc71
,179,0,0,61,18.5,51.91232079059178,137.0900422745205,#2ecc71
,189,0,0,61,18.5,50.572174437948505,134.16146871569921,#2ecc71
,199,0,0,61,18.5,48.87539132686213,129.7721068163512,#2ecc71
,2,0,0,71,18.5,49.518366091352874,68.37998236054948,#e74c3c
,11,0,0,71,18.5,48.03217665811119,74.85318733799228,#e74c3c
,22,0,0,71,18.5,46.90111263114843,81.2727549570545,#e74c3c
,32,0,0,71,18.5,45.952368388619966,86.92347897370911,#e74c3c
,41,0,0,71,18.5,45.460591628670805,92.77529459587083,#e74c3c
,51,0,0,71,18.5,45.615597667139944,98.38744181797013,#e74c3c
,61,0,0,71,18.5,45.30693126276775,103.64974766474948,#e74c3c
,71,0,0,71,18.5,45.40570726584361,108.88037841738047,#e74c3c
,82,0,0,71,18.5,46.26000184801307,114.11858388730174,#e74c3c
,91,0,0,71,18.5,46.29279550008928,118.28369140164241,#e74c3c
,101,0,0,71,18.5,47.359128902569324,122.90740433289476,#e74c3c
,111,0,0,71,18.5,47.57754865677945,126.9070227711839,#e74c3c
,121,0,0,71,18.5,49.2471303805035,130.8279026865572,#e74c3c
,131,0,0,71,18.5,49.903719385010795,135.11605122077307,#e74c3c
,141,0,0,71,18.5,50.49117692206045,138.5011871515257,#e74c3c
,151,0,0,71,18.5,52.06193671286291,141.69344938598104,#e74c3c
,161,0,0,71,18.5,53.06043245363309,145.74059778469376,#e74c3c
,171,0,0,71,18.5,54.61016480476978,148.36001160030594,#e74c3c
,181,0,0,71,18.5,55.18339567669939,148.6822489816939,#e74c3c
,191,0,0,71,18.5,54.11965400260007,146.1097883527821,#e74c3c
,201,0,0,71,18.5,51.835782153178464,141.66507298192238,#e74c3c
,-1,0,0,81,18.5,52.23918530400815,77.8095794001364,#3498db
,10,0,0,81,18.5,50.240117008916044,84.827815598449,#3498db
,20,0,0,81,18.5,49.367418324247026,91.5038571090632,#3498db
,30,0,0,81,18.5,48.43667967027299,97.84186182451394,#3498db
,40,0,0,81,18.5,48.12477622972005,104.04337628465035,#3498db
,50,0,0,81,18.5,47.836263872660446,109.09917391799853,#3498db
,60,0,0,81,18.5,47.88883831482268,114.93536975177668,#3498db
,70,0,0,81,18.5,48.106443870551345,120.17560283053801,#3498db
,80,0,0,81,18.5,48.46516726374673,125.0713192179401,#3498db
,90,0,0,81,18.5,49.17402821202174,129.93477548345098,#3498db
,100,0,0,81,18.5,49.81166878912832,134.23762652337413,#3498db
,110,0,0,81,18.5,50.69604523936092,139.0576402438145,#3498db
,120,0,0,81,18.5,52.193410042689536,142.80995707019153,#3498db
,130,0,0,81,18.5,52.96725731207774,147.41872096793873,#3498db
,140,0,0,81,18.5,54.05248458952843,150.6643699905711,#3498db
,149,0,0,81,18.5,55.451886023954785,154.2774170131598,#3498db
,159,0,0,81,18.5,56.28756727170001,157.5248175333035,#3498db
,170,0,0,81,18.5,57.6967041802632,160.91497983407942,#3498db
,180,0,0,81,18.5,58.636003838398665,162.6071869810878,#3498db
,189,0,0,81,18.5,56.9467519492064,158.9306521874683,#3498db
,199,0,0,81,18.5,55.2917345868367,154.96823943332848,#3498db
,2,0,0,91,18.5,53.65506285980863,91.31106901610308,#f39c12
,12,0,0,91,18.5,52.50710719579084,97.83974023013624,#f39c12
,22,0,0,91,18.5,50.887009956037936,104.16702515500837,#f39c12
,32,0,0,91,18.5,50.432228782671004,110.54723386406202,#f39c12
,42,0,0,91,18.5,50.54489391764628,116.34505587432939,#f39c12
,52,0,0,91,18.5,50.741752978319674,122.25738430512396,#f39c12
,62,0,0,91,18.5,50.16929783057679,127.52473380302108,#f39c12
,72,0,0,91,18.5,50.81844761269198,133.37735762314657,#f39c12
,82,0,0,91,18.5,51.144532123853814,138.10674808589764,#f39c12
,92,0,0,91,18.5,51.894411332034096,143.35059608318906,#f39c12
,102,0,0,91,18.5,53.2982509945669,147.7469123101084,#f39c12
,112,0,0,91,18.5,53.87494563632794,152.09506934894674,#f39c12
,122,0,0,91,18.5,55.196039095951456,154.98174057448887,#f39c12
,132,0,0,91,18.5,56.230291408116244,160.48269423453786,#f39c12
,142,0,0,91,18.5,56.605151267105256,163.62365633946456,#f39c12
,151,0,0,91,18.5,58.0481833235847,167.42770065690573,#f39c12
,161,0,0,91,18.5,59.760189102862874,171.6322278158782,#f39c12
,172,0,0,91,18.5,61.497533948764946,174.4974030689847,#f39c12
,182,0,0,91,18.5,61.515690673536,174.3461672081895,#f39c12
,191,0,0,91,18.5,60.31337482402018,171.22328158465646,#f39c12
,201,0,0,91,18.5,57.79305517289323,167.88036906687722,#f39c12
,0,0,0,101,18.5,56.66989425219924,100.89482448110701,#1abc9c
,10,0,0,101,18.5,55.08541082841966,107.22155523642746,#1abc9c
,20,0,0,101,18.5,54.186143114213586,114.88151044858421,#1abc9c
,30,0,0,101,18.5,52.740366951576206,120.69827079274687,#1abc9c
,40,0,0,101,18.5,53.12666074044196,127.41368620762572,#1abc9c
,50,0,0,101,18.5,52.443427499191976,133.16577351616016,#1abc9c
,60,0,0,101,18.5,53.21657654836998,139.45497392479257,#1abc9c
,70,0,0,101,18.5,53.465815102476434,144.49906670744895,#1abc9c
,80,0,0,101,18.5,54.16482158081663,148.84971562353303,#1abc9c
,90,0,0,101,18.5,54.59849511427689,154.5763965657854,#1abc9c
,100,0,0,101,18.5,55.832543753899394,159.00187354946013,#1abc9c
,110,0,0,101,18.5,56.911070644935336,164.14741555477298,#1abc9c
,120,0,0,101,18.5,58.316821908993376,167.29145951492166,#1abc9c
,130,0,0,101,18.5,59.91729313785396,172.1824827168475,#1abc9c
,140,0,0,101,18.5,60.540900353486265,175.93802174738897,#1abc9c
,149,0,0,101,18.5,62.45178012109023,179.58748795883417,#1abc9c
,159,0,0,101,18.5,63.181850606144216,183.7173916652316,#1abc9c
,170,0,0,101,18.5,64.20563332107241,187.3290687252007,#1abc9c
,180,0,0,101,18.5,65.14846273048082,187.6983530546159,#1abc9c
,189,0,0,101,18.5,64.01976631076747,183.58558038512138,#1abc9c
,199,0,0,101,18.5,61.53790715170406,179.8204696155371,#1abc9c
,0,0,0,111,18.5,59.37900287606069,112.41382155825626,#f1c40f
,9,0,0,111,18.5,57.367229546565376,118.81482711183071,#f1c40f
,20,0,0,111,18.5,56.87042955719475,126.27948017974522,#f1c40f
,30,0,0,111,18.5,56.06856049563419,132.61864752883926,#f1c40f
,39,0,0,111,18.5,55.980100701618376,139.03413943999098,#f1c40f
,49,0,0,111,18.5,55.605623176422185,144.32120830075866,#f1c40f
,59,0,0,111,18.5,56.31296036546684,150.03082525457367,#f1c40f
,69,0,0,111,18.5,55.75597865541079,155.7854315084755,#f1c40f
,79,0,0,111,18.5,56.28935504085946,161.3491987995128,#f1c40f
,89,0,0,111,18.5,58.09695137412083,166.79848809621936,#f1c40f
,99,0,0,111,18.5,59.37637751771361,171.26638862990805,#f1c40f
,110,0,0,111,18.5,61.23946179336533,176.26478019470227,#f1c40f
,120,0,0,111,18.5,61.13713757724552,180.10384136022031,#f1c40f
,130,0,0,111,18.5,62.2799539385408,183.98188009553618,#f1c40f
,140,0,0,111,18.5,63.55395899963392,187.798996314005,#f1c40f
,150,0,0,111,18.5,65.78974497997953,190.94393802300596,#f1c40f
,160,0,0,111,18.5,67.55313355135095,196.29411627731386,#f1c40f
,170,0,0,111,18.5,68.63541104262478,199.49702223249133,#f1c40f
,180,0,0,111,18.5,69.2456643583145,199.45242717891907,#f1c40f
,190,0,0,111,18.5,65.83317375281933,196.89329110273533,#f1c40f
,200,0,0,111,18.5,63.72013291467157,193.42198458027394,#f1c40f
,0,0,0,121,18.5,61.71734741744537,123.16017986791226,#2ecc71
,9,0,0,121,18.5,60.63215902409015,130.16686478309032,#2ecc71
,20,0,0,121,18.5,59.49937837757629,137.65024184413156,#2ecc71
,30,0,0,121,18.5,58.51434973419068,144.03485657816015,#2ecc71
,39,0,0,121,18.5,58.62600354102208,149.76103671133794,#2ecc71
,49,0,0,121,18.5,59.15367171983456,156.96385595361392,#2ecc71
,59,0,0,121,18.5,59.21276023352754,162.0001429932794,#2ecc71
,69,0,0,121,18.5,59.66559136055874,168.16525261471102,#2ecc71
,79,0,0,121,18.5,60.35623719152069,173.69853552551032,#2ecc71
,89,0,0,121,18.5,60.81732442386881,178.15901303166552,#2ecc71
,99,0,0,121,18.5,62.432409179395215,182.5919690780343,#2ecc71
,109,0,0,121,18.5,64.26732786589027,187.61246934867782,#2ecc71
,119,0,0,121,18.5,64.39813469495726,192.4410644261989,#2ecc71
,129,0,0,121,18.5,66.3762063669751,197.28234841987745,#2ecc71
,139,0,0,121,18.5,66.8663672324871,200.35971573249697,#2ecc71
,149,0,0,121,18.5,68.99421028888945,205.1915599739984,#2ecc71
,159,0,0,121,18.5,69.85415098026203,206.7287414267336,#2ecc71
,169,0,0,121,18.5,71.54154222916104,211.72163093183562,#2ecc71
,179,0,0,121,18.5,72.70187577839778,211.782347082201,#2ecc71
,189,0,0,121,18.5,71.1978668219904,209.50153262336607,#2ecc71
,198,0,0,121,18.5,69.9520373304256,205.41164450875533,#2ecc71
,0,0,0,131,18.5,64.94523949518864,134.24807954359295,#e74c3c
,9,0,0,131,18.5,62.61821361695138,141.58126906541688,#e74c3c
,20,0,0,131,18.5,62.14469131817208,149.31046002578444,#e74c3c
,30,0,0,131,18.5,61.34066304894727,156.54912382002507,#e74c3c
,39,0,0,131,18.5,61.458062152612676,162.2833509738826,#e74c3c
,49,0,0,131,18.5,62.08656575014286,168.55225093070305,#e74c3c
,59,0,0,131,18.5,61.32077042479496,174.27316410519057,#e74c3c
,69,0,0,131,18.5,62.35058420042963,180.583943804347,#e74c3c
,79,0,0,131,18.5,63.95638525905883,184.98986100834983,#e74c3c
,89,0,0,131,18.5,63.86347129475326,190.85461843213994,#e74c3c
,99,0,0,131,18.5,66.1240866607591,195.25923708463836,#e74c3c
,109,0,0,131,18.5,67.2727338611175,200.63842508220617,#e74c3c
,119,0,0,131,18.5,67.94354776063656,204.8990827766493,#e74c3c
,129,0,0,131,18.5,69.53905590182609,209.10870404162858,#e74c3c
,139,0,0,131,18.5,71.05409226453796,212.86343926858257,#e74c3c
,149,0,0,131,18.5,73.41072714444991,217.89168877828197,#e74c3c
,159,0,0,131,18.5,74.87189124337257,220.65203834471396,#e74c3c
,169,0,0,131,18.5,76.08432972607841,223.23963024909148,#e74c3c
,179,0,0,131,18.5,76.93345073139976,224.6639585461912,#e74c3c
,189,0,0,131,18.5,75.0370808409013,222.60071790580557,#e74c3c
,198,0,0,131,18.5,73.60408712690807,217.93058305985542,#e74c3c
,-1,0,0,141,18.5,67.31973095741567,145.63080800071828,#3498db
,9,0,0,141,18.5,65.58840681131854,152.90166913597247,#3498db
,19,0,0,141,18.5,65.49610338355967,160.80541929543517,#3498db
,29,0,0,141,18.5,65.78649203943955,167.3058789519659,#3498db
,39,0,0,141,18.5,64.57945845793854,173.93714514977415,#3498db
,49,0,0,141,18.5,65.14209407536792,180.75313216869827,#3498db
,59,0,0,141,18.5,65.17806855843743,185.89991616396992,#3498db
,69,0,0,141,18.5,66.28510599726202,192.58825467818664,#3498db
,79,0,0,141,18.5,68.02769005278373,197.13810216294152,#3498db
,89,0,0,141,18.5,68.56748490020189,203.18047814783475,#3498db
,98,0,0,141,18.5,68.74607805584891,207.86367992804173,#3498db
,108,0,0,141,18.5,70.25862798100545,212.48139713883663,#3498db
,118,0,0,141,18.5,71.23398937341733,216.41562758632932,#3498db
,129,0,0,141,18.5,72.73252986366391,221.9285097183679,#3498db
,138,0,0,141,18.5,74.99958642011087,225.38744351436236,#3498db
,148,0,0,141,18.5,76.576005957129,231.3833158597619,#3498db
,158,0,0,141,18.5,78.66714390090598,232.47199425708857,#3498db
,168,0,0,141,18.5,80.49858588096033,236.656728414309,#3498db
,178,0,0,141,18.5,81.94714010016715,238.59267599806836,#3498db
,188,0,0,141,18.5,79.27686710867047,235.75261465031784,#3498db
,198,0,0,141,18.5,77.12943776634471,231.49118063315157,#3498db
,2,0,0,151,18.5,70.40259185014503,161.69458983029563,#f39c12
,11,0,0,151,18.5,68.73522005285515,168.07679905262498,#f39c12
,22,0,0,151,18.5,69.1065946463432,175.70563047038405,#f39c12
,32,0,0,151,18.5,68.50748078195382,182.75706122524812,#f39c12
,41,0,0,151,18.5,68.92027686015608,188.65818130514592,#f39c12
,51,0,0,151,18.5,69.6773356677865,195.69635359324545,#f39c12
,61,0,0,151,18.5,69.55165065372402,201.98360515055086,#f39c12
,71,0,0,151,18.5,70.94407397789408,206.15352547517008,#f39c12
,82,0,0,151,18.5,71.76884707109006,213.12809093038024,#f39c12
,91,0,0,151,18.5,72.53884435781683,218.8661300944799,#f39c12
,101,0,0,151,18.5,74.04752839806443,223.23157033793453,#f39c12
,111,0,0,151,18.5,75.89968140821004,227.72298362976738,#f39c12
,121,0,0,151,18.5,76.5356782700229,232.62026584050818,#f39c12
,121,0,0,151,18.5,78.41068048017654,237.93454366547363,#f39c12
,131,0,0,151,18.5,80.14243250919114,237.765070611457,#f39c12
,141,0,0,151,18.5,80.89269167825425,240.49056447728006,#f39c12
,151,0,0,151,18.5,82.04365283748523,244.56427625458028,#f39c12
,161,0,0,151,18.5,82.55288407119308,247.46684890110663,#f39c12
,171,0,0,151,18.5,84.89186611529406,250.83718914432524,#f39c12
,181,0,0,151,18.5,86.0003929962651,251.81695472830236,#f39c12
,191,0,0,151,18.5,82.90550200904647,249.50692305009662,#f39c12
,201,0,0,151,18.5,82.77603601575137,245.8808526720317,#f39c12
,0,0,0,161,18.5,75.14271826450101,172.48324725467148,#1abc9c
,10,0,0,161,18.5,73.64546631322277,180.2055387713285,#1abc9c
,20,0,0,161,18.5,73.37402963122037,187.44556446326402,#1abc9c
,30,0,0,161,18.5,73.52395586741872,194.66384476181705,#1abc9c
,40,0,0,161,18.5,72.49668190913643,201.83756498513415,#1abc9c
,50,0,0,161,18.5,73.27585013318779,207.77179002719035,#1abc9c
,60,0,0,161,18.5,74.91446723707799,214.31040415361932,#1abc9c
,70,0,0,161,18.5,75.05250696577761,220.72256779201825,#1abc9c
,80,0,0,161,18.5,75.65258898015936,226.41007778662708,#1abc9c
,90,0,0,161,18.5,77.04812450380717,230.95513249344833,#1abc9c
,100,0,0,161,18.5,77.13430935194525,236.29872862030777,#1abc9c
,110,0,0,161,18.5,81.48227224349283,241.7709634245686,#1abc9c
,120,0,0,161,18.5,80.72984390405752,244.7036074863018,#1abc9c
,130,0,0,161,18.5,81.94437776196897,251.07253767616103,#1abc9c
,140,0,0,161,18.5,85.45352497311359,254.86000506520278,#1abc9c
,149,0,0,161,18.5,87.25265396747609,258.6190274640825,#1abc9c
,159,0,0,161,18.5,88.81973534079053,263.16189566511025,#1abc9c
,169,0,0,161,18.5,90.68618386755509,265.2757742077111,#1abc9c
,180,0,0,161,18.5,91.18317510654573,267.84301636535656,#1abc9c
,189,0,0,161,18.5,89.48814463523627,263.5182333943122,#1abc9c
,199,0,0,161,18.5,88.74370049418883,260.0142668155186,#1abc9c
,2,0,0,171,18.5,79.03477974525032,188.4954347648567,#f1c40f
,12,0,0,171,18.5,78.89984529848812,196.51292950214693,#f1c40f
,22,0,0,171,18.5,77.1064702616494,204.50008685318144,#f1c40f
,32,0,0,171,18.5,77.9046036049351,210.78668584699324,#f1c40f
,42,0,0,171,18.5,77.53593856012348,217.9394358699693,#f1c40f
,52,0,0,171,18.5,79.48911062641935,224.83735599640457,#f1c40f
,62,0,0,171,18.5,78.55695396642598,230.61427053524756,#f1c40f
,72,0,0,171,18.5,81.49703696816039,236.81238667461645,#f1c40f
,82,0,0,171,18.5,81.36626837978903,240.83800925492085,#f1c40f
,92,0,0,171,18.5,81.96003332313376,248.1179882499698,#f1c40f
,102,0,0,171,18.5,83.73433991236786,253.10431306468794,#f1c40f
,112,0,0,171,18.5,85.33114580905685,257.9945164440761,#f1c40f
,122,0,0,171,18.5,89.31864327347647,263.74296521514407,#f1c40f
,132,0,0,171,18.5,89.77780702510523,266.88502398123785,#f1c40f
,142,0,0,171,18.5,91.5164814444384,273.60242193974,#f1c40f
,151,0,0,171,18.5,91.67571858981016,274.87564182357175,#f1c40f
,161,0,0,171,18.5,95.39764571905758,280.45499046753395,#f1c40f
,172,0,0,171,18.5,98.95414067211364,280.954425180142,#f1c40f
,182,0,0,171,18.5,96.59574801071864,281.1907092222327,#f1c40f
,191,0,0,171,18.5,94.27375200588901,280.37150123695386,#f1c40f
,201,0,0,171,18.5,91.23687922044412,274.1205792924818,#f1c40f
,4,0,0,181,18.5,84.35582254012456,207.07014382557057,#2ecc71
,14,0,0,181,18.5,82.2897940891253,214.91793894927235,#2ecc71
,24,0,0,181,18.5,82.28431637862657,223.0399793695382,#2ecc71
,34,0,0,181,18.5,83.7818699585899,227.55219810388866,#2ecc71
,44,0,0,181,18.5,85.49940773281558,236.47723473948764,#2ecc71
,54,0,0,181,18.5,84.34038664250369,241.94816841920033,#2ecc71
,64,0,0,181,18.5,83.05965767316121,248.27729738412935,#2ecc71
,74,0,0,181,18.5,85.8792160148735,254.63112536533436,#2ecc71
,84,0,0,181,18.5,87.79130864214444,261.3168461249131,#2ecc71
,94,0,0,181,18.5,91.65799213019136,265.97728956650826,#2ecc71
,103,0,0,181,18.5,91.49297570563193,270.0365878971296,#2ecc71
,114,0,0,181,18.5,92.03597965326449,276.44617439991384,#2ecc71
,124,0,0,181,18.5,92.63097974760035,280.8627265891173,#2ecc71
,134,0,0,181,18.5,95.87260164925878,285.94444674060344,#2ecc71
,143,0,0,181,18.5,99.54414111719417,290.7473050309466,#2ecc71
,153,0,0,181,18.5,101.91574426623902,293.01547781362046,#2ecc71
,163,0,0,181,18.5,103.8915545812564,296.65526531161106,#2ecc71
,173,0,0,181,18.5,104.62642418086507,301.6515883019193,#2ecc71
,183,0,0,181,18.5,103.85486971983912,301.80274639670097,#2ecc71
,193,0,0,181,18.5,99.18138602318446,295.5395168652717,#2ecc71
,203,0,0,181,18.5,99.31659712139701,291.55980335645904,#2ecc71
,0,0,0,192,18.5,89.82074717413498,221.7565930406822,#e74c3c
,9,0,0,192,18.5,90.82271884730908,228.36199711096313,#e74c3c
,20,0,0,192,18.5,90.30312025910155,238.3326023580688,#e74c3c
,30,0,0,192,18.5,89.48382206973224,246.44126887682023,#e74c3c
,39,0,0,192,18.5,91.05172730622387,252.05105775869603,#e74c3c
,49,0,0,192,18.5,92.48560971488877,258.62262029015596,#e74c3c
,59,0,0,192,18.5,93.58720804701096,267.1168185540114,#e74c3c
,69,0,0,192,18.5,93.26203621413511,272.3035221123839,#e74c3c
,79,0,0,192,18.5,93.84474883792906,278.74855537450986,#e74c3c
,89,0,0,192,18.5,97.14269686780443,282.1336359512882,#e74c3c
,99,0,0,192,18.5,98.27421227120628,288.8985581023524,#e74c3c
,109,0,0,192,18.5,101.88987803825886,295.302930927734,#e74c3c
,119,0,0,192,18.5,101.8923415558637,299.13096921956696,#e74c3c
,129,0,0,192,18.5,105.80589713504439,301.0401071905068,#e74c3c
,139,0,0,192,18.5,108.4712902458071,309.66256074973245,#e74c3c
,149,0,0,192,18.5,105.1607314518454,312.04571562056157,#e74c3c
,159,0,0,192,18.5,112.55558772308619,316.04188908882355,#e74c3c
,169,0,0,192,18.5,112.78948231360172,318.2218952487374,#e74c3c
,179,0,0,192,18.5,112.79710140016628,322.0560018793652,#e74c3c
,189,0,0,192,18.5,112.6177494220926,317.7852437908333,#e74c3c
,198,0,0,192,18.5,113.40939108987307,312.88624619446875,#e74c3c
,-1,0,0,201,18.5,97.3097310397619,236.1877630727256,#3498db
,9,0,0,201,18.5,96.6215442019439,243.57626611869097,#3498db
,19,0,0,201,18.5,95.65764841021515,252.91967345895392,#3498db
,29,0,0,201,18.5,95.9424084793989,258.47150075920007,#3498db
,39,0,0,201,18.5,96.08758024586231,267.20751564182245,#3498db
,48,0,0,201,18.5,97.86548003991241,275.0334031506334,#3498db
,59,0,0,201,18.5,98.8035880225471,282.31775156909026,#3498db
,69,0,0,201,18.5,99.14142547793324,288.45804485600934,#3498db
,79,0,0,201,18.5,103.20300392123805,295.0472821784502,#3498db
,89,0,0,201,18.5,103.84307927754553,301.58862376109926,#3498db
,98,0,0,201,18.5,105.78031495171469,305.27029252389514,#3498db
,108,0,0,201,18.5,105.52245097650896,311.7233719272332,#3498db
,118,0,0,201,18.5,110.62551307816496,315.19103286553,#3498db
,129,0,0,201,18.5,110.60062666218076,319.7386944239834,#3498db
,138,0,0,201,18.5,112.20515874539188,327.70433802674853,#3498db
,148,0,0,201,18.5,116.48258623795667,327.07471033906904,#3498db
,158,0,0,201,18.5,117.2339312132941,335.91486739063686,#3498db
,168,0,0,201,18.5,120.36437878276497,336.6310296104962,#3498db
,178,0,0,201,18.5,123.25091192586385,336.9857109803024,#3498db
,188,0,0,201,18.5,123.42751525107725,336.11354469150666,#3498db
,198,0,0,201,18.5,116.76599092628226,328.7580778300711,#3498db
